11.95,42.03,1017.58,90.89
12.07,38.25,1012.67,81.66
26.91,74.99,1005.64,78.98
20.58,39.53,1005.68,62.09
16.78,37.2,1011.97,68.94
22.46,58.49,1011.5,70.54
8.26,40.96,1025.23,89.22
20.96,69.48,1011.04,82.63
4.97,40.64,1020.91,94.28
25.61,67.69,1009.22,68.76
28.69,67.79,1011.01,66.4
27.58,73.06,1009.63,88.31
12.57,39.3,1019.57,72.44
16.15,41.85,1016.54,81.58
25.18,62.96,1020.04,59.08
18.68,53.29,1018.16,75.01
4.62,38.44,1016.09,73.14
22.51,66.49,1014.59,63.03
30.66,73.77,1003.13,78.09
29.01,64.79,1017.62,44.31
24.75,69.89,1015.29,82.01
5.25,42.85,1013.75,89.67
15.72,56.89,1013.35,85.06
9.27,40.22,1008.1,89.24
28.83,71.32,1006.28,75.65
29.57,67.83,1009.19,55.74
12.65,44.34,1014.74,92.81
12.23,41.58,1018.76,87.66
31.05,62.7,1009.35,55.27
9.24,41.4,1018.34,84.91
23.75,67.9,1006.25,70.17
30.2,70.02,1009.85,63.39
19.72,65.94,1010.53,82.12
11.87,44.6,1018.81,84.68
12.92,39.35,1014.56,88.29
10.22,45.01,1018.27,93.62
23.63,58.79,1017.2,67.68
19.38,54.9,1017.08,70.46
21.11,69.94,1004.37,84.26
6.72,38.91,1016.89,90.47
15.26,41.2,1016,76.06
25.33,73.21,1002.19,97.24
10.74,40.05,1015.45,87.33
12.99,42.34,1018.04,96.25
16.69,53.82,1015.39,63.62
8.03,40.07,1016.06,47.46
27.9,63.13,1011.8,70.04
28.31,74.34,998.42,79.23
24.54,72.24,1011.43,74.1
8.81,44.68,1023.06,93.93
10.16,41.62,1013.15,94.3
14.66,40.73,1017.45,88.57
15.42,40.56,1021.23,59.37
30.29,59.22,1013.05,60.46
15.64,43.71,1024.51,78.31
31.6,73.17,1010.05,43.48
22.73,63.73,1009.12,94.8
29.64,54.2,1013,39.56
11.52,39.18,1023.43,83.29
18.12,50.16,1009.82,100.09
6.4,39.18,1024.6,86.83
21.99,42.48,1011.77,74.04
25.46,56.89,1012.59,62.9
13.69,43.22,1009.94,74.64
24.85,68.37,1006.5,68.37
8.48,38.5,1013.5,66.51
14.82,44.2,1018.98,72.8
18.94,46.93,1010.22,75.45
5.45,39.04,1020.07,77.05
27.25,69.98,1008.55,59.55
25.51,64.27,1013.28,61.85
13.25,49.83,1008.76,88.21
22.89,74.78,1009.79,81.57
31.35,71.97,1008.29,72.26
16,39.16,1016.37,77.63
11.23,43.67,1012.57,72.1
22.03,64.69,1007.21,75.75
30.56,71.25,1000.3,70.55
25.41,77.54,1009.68,89.09
20.79,65.59,1014.9,77
30.05,69.34,1008.26,61.5
28.63,66.56,1005.88,64.73
18.56,67.71,1004.77,85.28
20.27,63.56,1014.24,86.55
14.51,53.82,1016.46,62.75
22.06,59.21,1012.84,87.06
15.89,43.96,1014.02,75.24
19.09,56.51,1015.58,92.56
7.5,38.06,1021.96,83.45
16.7,46.18,1011.4,95.51
26.39,49.16,1005.68,56.18
28.57,75.33,1003.16,76.14
10.46,41.26,1020.65,92.24
17.96,47.83,1005,85.72
25.02,50.78,1008.79,63.06
26.48,66.54,1011.61,51.9
26.74,49.02,1008.18,67.59
26.91,61.5,1009.47,55.26
27.56,65.59,1010.88,66.47
13.18,37.91,1018.09,88.84
23.76,58.41,1013.85,85.38
30.26,77.24,1008.39,74.25
13.45,45.87,1008.73,87.06
7.71,36.25,1027.92,89.84
13.56,40.8,1024.8,63.6
15.92,40.56,1020.79,53.52
8.19,41.66,1016.57,75.38
14.8,44.21,1021.59,89.24
31.32,74.33,1012.92,36.48
20.8,50.9,1012.07,73.16
26.22,49.82,1015.48,55.8
27.92,68.12,1011.54,49.8
22.43,63.21,1012.06,84.75
25.77,65.48,1018.07,51.47
24.88,49.16,1006.04,64.54
29.93,69.48,1009.21,54.59
10.62,42.02,999.83,96.66
14.45,52.75,1023.97,63.59
19.66,58.79,1017.17,84.16
7.14,41.22,1016.6,97.09
25.51,67.69,1004.53,80.03
31.71,69.04,1008.79,49.32
30.12,69.71,1009.1,52.02
22.95,67.79,1009.89,91.69
26.35,59.87,1013.24,73.63
28.25,71.77,1006.36,67.03
22.26,69.04,1010.48,84.33
30.9,73.68,1014.95,40.9
27.75,70.4,1006.65,90.21
18.87,52.08,1005.25,99.19
23.53,68.94,1007.53,69.17
24.8,68.3,1018.01,80.41
24.01,50.16,1004.22,75.32
20.06,60.77,1017.19,88.73
22.68,50.78,1008.83,70.3
22.89,65.34,1015.53,61
11.92,41.2,1016.99,81.24
22.19,58.49,1010.91,77.03
22.4,58.12,1015.24,78.03
19.73,49.69,1007.78,73.02
9.45,41.92,1029.32,91.09
13.03,42.86,1014.39,86.25
9.43,41.4,1028.42,84.92
15.75,39.39,1014.38,76.29
11.83,38.25,1013.36,85.33
24.94,67.69,1008.86,68.97
19.94,65.46,1017.7,68.94
23.14,60.27,1018.51,80.54
21.69,47.45,1007.56,77.2
4.23,38.44,1016.46,76.64
28.17,72.43,1007.37,68.92
13.89,44.84,1023.66,92.97
21.98,55.5,1017.89,57.9
23.36,59.15,1013.71,86.64
12.21,41.67,1012.88,85.19
21.8,51.3,1012.07,89.51
15.69,37.87,1021.18,84.38
23.85,72.43,1008.01,88.34
19.35,43.43,1009.4,66.11
13.9,44,1025.1,87.17
20.08,54.42,1011.79,89.35
26.38,71.58,1011.02,80.9
12.58,43.67,1014.36,91.72
18.81,45.01,1015.28,65.91
10.5,52.72,1026.32,85.04
29.08,67.79,1010.91,55.96
17.3,58.59,1015.52,87.17
14.59,41.23,999.48,86.66
30.4,71.97,1008.42,76.28
23.48,73.67,1007.07,88.49
3.38,39.64,1011,81.22
16.4,44.9,1009.22,82.31
24.86,60.77,1016.85,71.24
14.14,43.34,1017.1,81.77
14.99,41.35,1004.56,98.9
17.33,42.28,1007.97,50.33
27.52,66.25,1008.21,78.8
12.79,41.62,1010.52,81.83
24.96,70.47,1007.73,76.48
14.66,40.89,1009.72,91.56
28.42,73.5,1011.23,72.79
20.46,59.21,1018.42,85.89
14.46,45.87,1008.26,89.44
27.35,69.48,1008.51,65.81
16.44,53.82,1015.4,63.16
21.82,50.66,1013.74,73.6
24.94,63.94,1012.72,73.71
10.97,40.6,1015,87.59
10.51,44.78,1012.59,85.29
11.97,41.04,1026.42,70.75
8.3,40.35,1012.37,98.17
9.09,41.92,1029.36,91
11.74,43.56,1015.14,70.72
13.25,43.7,1013.61,76.05
25.02,59.44,1012.49,73.65
13.18,40.03,1017.75,82.29
17.35,47.83,1006.71,80.57
6.06,41.17,1019.67,84.7
25.14,64.63,1020.63,54
22.18,62.39,1007.84,85.74
10.8,41.66,1013.79,81.96
12.24,41.2,1012.48,89.85
21.26,60.84,1018.43,78.83
11.6,39.96,1011.65,80.79
6.05,38.68,1017.46,66.13
27.63,70.17,1000.42,85.22
28.24,71.58,1010.1,67.92
14.47,39.58,1011.31,69.85
11.7,25.36,1008.65,92.11
17.79,44.9,1020.5,69.72
17.43,63.09,1019.87,92.77
29.56,71.14,1011.42,53.18
19.92,38.52,1018.15,60.68
16,48.78,1013.9,88.64
14.87,41.76,1022.26,78.21
18.21,62.26,1011.97,87.28
20.02,67.32,1012.05,76.34
14.95,43.52,1022.43,94.75
28.61,69.84,1004.24,67.74
10.72,41.17,1019.68,60.71
15.74,43.34,1013.38,81.45
24.97,54.2,1012.68,74.25
26.7,49.02,1007.68,67.97
7.47,40.64,1020.47,94.8
17.22,36.71,1013.77,67.92
21.96,58.79,1010.51,87.32
27.54,75.6,1018.26,57.89
17,49.78,1005.32,100.1
6.63,39.37,1020.33,76.18
29.11,74.78,1009.6,56.93
18.68,59.14,1016.96,77.09
13.78,43.22,1011.31,69.7
29.77,69.48,1009.8,52.6
22.82,60.08,1017.95,65.71
23.84,49.21,1013.6,47.63
28.55,66.51,1015.46,34.04
29.09,47.93,1003.05,48.13
3.63,38.44,1016.16,87.38
29.15,69.48,1008.68,55.78
25.07,56.85,1011.25,51.99
14.64,45,1021.78,41.25
10.26,39.13,1010.94,87.78
32.57,65.74,1011.03,46.27
14.26,43.34,1017.24,81.54
15.79,38.28,1014.4,74.84
25.54,70.47,1009.28,73.5
24.63,65.38,1010.43,40.68
29.1,70.4,1003.97,77.57
8.22,41.03,1021.76,82.97
17.23,41.1,1002.45,68.88
8.73,36.18,1013.66,77.74
11.72,39.18,1024.19,68.53
23.72,58.62,1016.32,71.17
19.46,46.33,1013.77,89.62
9.42,41.4,1029.21,86.4
19.47,43.43,1011.66,69.93
26.3,77.95,1009.45,78.72
3.6,35.19,1018.73,99.1
3.98,35.47,1017.22,86.53
29.22,72.39,1000.87,77.39
25.15,62.91,1012.23,48.22
26.25,52.09,1013.2,53.12
25.96,63.78,1016.95,49.47
24.57,49.5,1014.22,56.31
13.76,45.87,1008.89,87.27
26.11,73.17,1009.8,65.18
9.08,40.02,1031.2,75.34
25.71,71.14,1010.02,66.39
21.99,57.5,1015.87,80.72
10.12,41.78,1013.43,73.47
12.77,41.5,1014.13,86.8
32.67,67.83,1007.81,42.16
16.46,48.6,1006.08,89
22.31,43.43,1010.64,56.44
10.61,40.77,1022.09,83.62
30.93,61.5,1009.81,41.46
16.23,43.52,1020.13,76.3
24.06,58.98,1010.66,81.16
19.35,39.72,1002.5,51.24
13.7,44.47,1027.51,70.77
31.7,69.13,1000.29,46.27
13.03,39.35,1015.34,79.18
13.48,39.85,1012.71,58.91
14.74,42.77,1017.71,76.59
5.68,40.77,1022.49,90.6
12.33,45.51,1016.49,79.2
27.04,73.67,1006.82,77.45
17.03,47.83,1004.94,79.68
22.04,69.51,1013.25,56.15
23.19,58.82,1009.96,81.05
26.01,74.33,1015.69,81.22
22.61,59.87,1019.12,66.12
18.39,67.71,1003.77,92.48
21.54,69.48,1011.04,80.48
23.31,68.63,1014.73,51.57
6.97,41.26,1010.6,96.88
15.95,42.24,1017.71,69.32
6.63,39.42,1024.81,72.58
20.03,57.19,1007.31,81.69
15.86,38.62,1016.65,67.51
19.94,44.9,1008.52,74.69
28.39,65.51,1014.52,66.48
13.61,41.16,1020.49,75.09
6.69,43.65,1020.14,69.55
24.57,66.54,1004.44,83.15
23.34,73.5,1011.43,89.74
11.77,42.03,1017.63,79.35
5.28,45.87,1008.25,97.88
20.65,57.5,1016.04,87.45
14.73,36.99,1007.32,90.84
12.02,40.66,1017.27,96.72
15.22,41.67,1013.18,67.17
33.63,70.4,1004.02,53.6
28.28,68.67,1006.36,69.9
27.55,64.96,999.73,57.34
18.74,44.34,1019.4,55.16
31.58,66.54,1003.26,54
21.5,59.87,1019.05,76.56
22.91,61.86,1012.8,92.69
27.71,70.32,1008.63,64.05
21.75,65.12,1015.53,66
22.75,57.76,1017.83,66.54
12.34,43.22,1009.28,78.23
11.8,41.2,1017.18,82.71
28.83,64.96,1000.05,63.57
8.46,40.8,1023.57,81.27
20.03,47.45,1009.04,77.56
8.73,41.92,1029.41,89.72
19.86,59.14,1016.12,69.32
25.67,58.59,1013,62.34
24.38,63.91,1009.53,79.11
22.73,66.75,1018.13,84.06
21.35,58.16,1017.21,67.66
19.18,65.06,1015.99,77.06
12.61,43.22,1013.41,78.94
25.79,75.6,1017.46,75.63
30.56,69.14,1007.49,71
27.08,66.05,1017.33,54.68
27.18,71.06,1008.16,86.32
14.97,42.28,1007.31,79.25
29.13,68.3,1014.96,37.08
29.58,66.51,1015.57,32.95
20.24,56.65,1020.72,62.9
20.68,42.04,1010.2,63.43
10.3,41.79,1021.09,49.39
21.24,50.32,1008.54,84.83
31.93,72.58,1006.9,56.27
25.28,71.94,1006.73,86.69
27.69,70.32,1012.2,82.27
21.93,58.96,1014.23,58.58
25.88,66.48,1004.24,63.16
17.94,37.2,1012.64,68.11
27.97,58.84,1002.25,57.88
18.41,65.94,1010.23,84.71
24.47,57.85,1013.05,66.34
23.1,59.43,1007.36,85.96
19.13,58.66,1013.32,74.86
15.86,39.82,1013.12,77.37
23.75,61.5,1008.16,69.14
22.49,56.9,1007.65,63.34
18.15,45.01,1013.06,72.4
7.82,38.91,1015.58,90.11
26.03,64.44,1012.75,62.24
16.85,50.9,1013.26,83.94
15.82,43.34,1014.52,79.07
12.12,41.17,1017.68,78.72
18.18,44.63,1020.41,48.64
8.58,40.72,1022.04,87.55
15.78,41.48,1015.55,52.17
11.2,42.02,999.99,96.69
14.93,42.44,1012.65,86.8
15.81,58.59,1014.41,90.03
9.44,41.4,1027.64,86.22
21.99,71.85,1009.5,74.77
23.63,73.5,1011.46,89.39
29.45,68.27,1007.96,61.63
19.83,46.33,1013.27,96.4
30.28,70.98,1007.51,74.28
22.74,58.41,1013.92,84.03
18.27,65.94,1013.09,84.72
14.7,48.6,1006.91,85.65
10.09,41.01,1019.89,96.55
24.38,60.84,1017.85,62.23
21.03,63.86,1014.84,71.72
25.43,69.13,1002.2,86.44
23.08,48.41,1008.44,82.35
26.57,48.06,1013.23,40.24
9.23,39.66,1019.44,76.11
25.21,51.43,1006.43,78.55
28.81,56.86,1005.82,56.86
24.11,59.27,1011.02,78.18
23.31,60.37,1005.17,82.75
20.54,69.05,1001.6,79.62
12.04,40.1,1014.42,89.65
32.16,66.25,1008.17,56.88
13.24,54.3,1017.05,81.99
10.37,39.04,1023.95,81.93
30.86,70.32,1011.88,62.68
19.12,44.85,1014.66,43.66
10.39,40.22,1006.59,87.77
21.22,43.43,1010.96,61.07
27.86,63.07,1011.11,56.81
22.18,45.09,1014.04,43.13
16.55,41.93,1022.71,42.73
13.58,40.75,1016.05,76.45
14.93,43.02,1012.11,45.56
19.64,48.06,1014.81,74.96
12.86,40.6,1013.6,84.85
18.32,65.94,1012.74,86.77
14.75,40.66,1016.7,81.65
22.04,59.14,1017.34,84.75
30.52,71.77,1006.22,56.4
20.96,61.27,1019.99,67.32
6.91,37.49,1011.05,82.07
25.18,71.98,1006.71,89.86
14.85,43.13,1016.02,55.29
7,35.77,1018.21,64.84
34.48,74.34,1000.91,42.61
18.15,41.23,993.82,61.21
26.1,66.25,1009.25,84.52
15.64,38.28,1014.39,76.93
27.51,71.29,1009.43,76.92
29.05,65.74,1013.29,60.02
16.23,43.72,1009.96,83.01
12.12,40,1018.72,84.42
8.07,43.69,1017.05,87.34
28.22,76.2,1006.11,62.17
12.91,42.07,1018.4,86.5
26.52,43.77,1011.49,46.98
25.11,62.26,1011.12,78.01
25.82,66.49,1013.2,60.32
7.04,41.74,1021.91,88.55
16.7,40.56,1019.04,50.9
11.43,44.78,1013.43,82.45
11.64,41.39,1017.36,83.4
13.49,44.47,1030.18,69.15
7.9,40,1018.74,79.55
16.33,42.44,1013.98,84.9
23.27,64.15,1020.98,71.18
23.48,65.12,1015.82,60.83
9.32,41.39,1020.03,70.21
18.26,49.64,1024.92,62.82
21.5,50.59,1017.08,65.28
25.34,49.5,1013.25,50.8
5.24,38.68,1018.03,78.65
30.11,70.8,1008.57,69.25
21.06,50.59,1016.42,66.12
28.79,68.51,1013.02,62.84
27.04,65.06,1013.33,52.37
30.08,67.25,1017.6,53.09
27.37,71.06,1008.4,87.52
18.31,46.21,1010.46,82.15
25.2,65.59,1013,71.34
10.63,42.28,1008.37,92.68
11.42,40.35,1011.55,82.71
25.45,70.04,1011.2,82.48
8.41,39.16,1015.47,93.42
10.41,36.71,1022.02,84.56
22.64,63.73,1013.88,84.22
21.75,58.79,1012.42,87.58
24.2,57.85,1013.05,70.29
11.35,40.66,1016.86,96.4
15.6,43.71,1024.88,80.37
4.43,38.91,1019.04,88.17
27.99,66.91,1008.47,59.63
23.76,70.32,1012.13,78.84
13.61,42.34,1017.78,88.84
23.33,54.2,1012.47,79.48
27.14,70.32,1007.08,73.08
9.03,37.14,1012.79,76.27
29.91,74.33,1013.22,39.76
26.77,74.22,1008.87,74.68
14.63,40,1018.03,63.4
32.14,68.31,1010.48,42.15
10.59,42.49,1009.59,77.36
14.2,52.75,1025.64,61.02
22.65,60.93,1006.43,85.13
5.66,35.79,1013.86,94.42
8.96,40.02,1031.21,82.32
18.94,48.7,1007.82,92.88
29.05,75.6,1017.63,51.16
23.71,50.23,1017.55,73.24
17.47,43.56,1014.15,54.71
26.88,74.78,1010.42,64.81
25.88,71.73,1010.01,72.8
29.53,77.54,1010.39,66.13
25.86,76.2,1005.73,69.35
15.54,41.23,995.45,83.73
15.25,41.17,1016,62.05
21.74,60.27,1015.82,88.96
28.88,71.98,1005.37,74.24
21.96,71.85,1009.38,75.98
24.8,50.23,1016.62,63.13
31.19,70.94,1007.29,51.91
26.01,61.47,1009.54,75.01
20.98,42.23,1013.12,67.37
29.99,74.9,1003.84,64.43
6.13,40.81,1026.31,91.66
23.36,65.18,1012.35,78.09
27.35,77.95,1017.43,73.36
21.59,61.87,1011.18,57.21
7.21,42.03,1017.81,90.12
27.08,63.78,1015.04,50.8
24.34,73.5,1011.31,84.15
15.87,41.16,1005.85,78.29
18.31,52.9,1015.99,66.14
27.49,71.94,1006.62,73.35
25.41,68.94,1007.21,69.2
17.32,43.7,1015.13,61.66
13.44,37.85,1009.78,99.13
18.92,44.06,1017.47,68.75
17.99,43.79,1016.13,75.63
22.12,47.93,1005.5,84.47
26.15,63.21,1012.31,76.44
17.57,62.1,1019.51,86.14
25.75,71.14,1008.33,77.12
24.67,49.5,1013.62,59.42
31.7,76.09,1007.06,72.39
31.46,66.54,1002.86,53.75
19.64,56.65,1020.79,73.88
11.46,39.82,1012.09,86.2
19.13,66.86,1012.95,71.24
10.57,41.26,1008.32,97.96
26.68,63.73,1009.7,71.55
21.29,59.04,1012.49,84.23
26.65,74.16,1008.27,94.54
15.12,39.16,1006.55,76.99
26.88,73.56,1004.85,94.36
26.08,70.32,1012.32,89
11.77,39.39,1012.9,85.8
20.65,41.67,1012.76,45.27
27.01,69.75,1009.78,81.29
19.62,43.56,1012.89,37.6
9.29,39.96,1026.2,97.55
28.62,59.14,1016.36,53.1
28.07,70.32,1007.17,67.02
25.95,59.27,1010.9,70.42
19.08,58.59,1013.42,68.88
13.43,40.1,1015.82,87.9
19.78,62.1,1019.72,78.36
7.51,43.02,1014.35,86.46
16.46,61.27,1020.02,74.54
20.37,52.05,1012.34,62.57
10.35,37.14,1013.37,69.26
20.26,50.32,1009.81,93.12
8.9,40.77,1011.67,90.26
23.94,63.21,1013.52,83.12
25.45,67.83,1009.47,57.97
12.87,41.5,1013.51,85.72
26.29,68.24,1010.71,76.95
17.05,44.88,1017.69,88.19
12.04,38.25,1013.08,82.45
30.52,70.04,1010.62,54.47
12.72,44.9,1007.6,71.8
24.84,71.73,1009.84,82.41
14.3,41.93,1020.6,65.38
13.26,41.74,1021.89,63.32
10.67,42.02,996.55,99.94
12.91,41.66,1013.37,71.52
14.66,41.92,1030.81,68.88
11.92,40.62,1016.66,55.25
27.63,71.98,1005.45,82.88
9.88,40.71,1015.34,84.32
15.51,36.71,1014.05,72.92
24.27,57.85,1012.81,63.48
15.52,40,1017,66.27
23.36,74.93,1016.57,71.91
22.41,66.56,1003.3,88.71
23.88,54.2,1012.81,64.52
31.46,71.8,1010.75,54.88
15.84,41.04,1025.64,63.43
28.94,62.26,1010.64,50.41
28.57,51.43,1012.02,47.79
13.83,44.45,1021.5,68.75
20.6,44.58,1017.67,48.36
17.32,44.34,1019.52,56.24
15.69,37.64,1016,83.88
27.31,65.12,1016.05,45.98
11.42,40.43,1025.5,75.85
27.43,56.85,1011.86,36.76
28.7,49.16,1004.42,36.51
7.52,39.61,1018.61,78.96
19.04,50.12,1010.53,100.09
30.57,69.82,1009.86,52.94
16.22,37.87,1022.36,83.13
32.83,74.33,1011.44,50.42
7.82,41.16,1023.3,87.7
11.18,37.5,1013.32,74.32
8.39,36.3,1015.39,62.23
3.68,39.64,1011.31,84.05
12.29,42.18,1016.53,83.13
19.3,56.65,1020.55,70.43
16.7,50.88,1015.11,97.25
25.43,60.95,1014.62,51.39
25.99,71.32,1007.17,83.23
24.23,49.3,1003.61,74.44
20.51,63.86,1020.65,75.36
21.19,50.16,1005.81,84.27
25.42,68.08,1011.2,76.58
11.57,41.54,1020.13,69.14
14.74,43.99,1023.13,86.31
16.83,46.48,1007.21,87.23
20.25,44.78,1007.93,40.16
8.97,36.24,1013.21,90.77
26.28,75.23,1011.44,68.35
17.25,39.39,1014.27,67.8
22.11,59.44,1012.82,84.67
21.19,67.71,1006.65,56.28
24.32,59.14,1017.46,80.14
19.45,58.95,1017.79,93.46
6.54,39.33,1011.54,93.69
7.96,38.91,1016.35,89.17
23.51,70.04,1011.02,81.39
29.18,71.43,1011.65,59.49
24.85,58.05,1011.5,70.12
10.07,41.39,1019.89,70.53
23.95,51.86,1014.24,68.28
28.64,73.4,1011.48,52.84
6.49,38.68,1017.94,64.81
13.94,41.26,1021.67,74.4
27.51,49.3,1003.74,61.27
15.28,40,1016.65,65
20.07,49.21,1012.34,56.8
22.48,50.32,1008.47,83.58
12.68,41.16,1020.09,83.32
15.07,39.3,1019,63.62
14.76,39.64,1010.37,81.99
17.18,46,1002.74,100.1
18.89,67.71,1003.92,86.12
18.61,63.09,1019.37,83.08
28.37,69.13,1010.44,71.93
18.03,53.16,1013.02,81.95
17.16,53.16,1013.2,82.85
26.63,62.44,1010.86,70.82
8.57,39.69,1000.91,99.9
28.41,66.91,1008.22,57.93
16.75,36.99,1006.42,87.18
8.23,43.79,1016.11,82.11
17.79,46.21,1010.38,85.25
13.92,39.39,1012.94,80.52
7.73,37.8,1020.71,63.93
17.42,44.06,1016.63,82.15
24.48,50.23,1017.03,66.89
24.8,59.87,1018.79,60.79
17.39,42.44,1013.72,73.79
14.84,41.23,995.02,88
13.8,44.34,1019.43,66.74
11.98,44.58,1016.45,78.8
21.84,59.39,1015.77,88.12
24.03,45.87,1007.55,52.48
30.36,69.82,1010.02,54.22
27.14,71.32,1007.8,87.99
13.35,39.18,1023.24,61.98
20.45,48.41,1010.81,86.7
21.16,65.48,1016.99,72.79
10.05,40.23,1019.71,90.41
22.39,59.04,1011.78,86.39
11.51,41.06,1021.3,78.11
28.69,58.33,1013.67,34.1
29.45,68.84,1011.64,59.7
14.7,40.8,1025.78,50.96
17.61,56.53,1019.5,82.3
18.56,42.18,1001.46,99.59
21.38,65.12,1015.73,68.02
19.18,50.12,1005.99,100.09
11.94,39.28,1017.04,89.88
31.18,77.95,1014.89,65.62
28.64,69.23,1013.11,37.13
29.98,76.09,1007.62,75.6
21.33,63.86,1020.33,72.13
14.02,41.78,1011.26,48.62
13.98,41.79,1010.6,83.84
26.31,68.51,1013.26,68.66
21.45,69.94,1010.5,82.17
26.82,60.96,1012.25,57.41
23.7,69.23,1011.73,73.18
26.31,66.48,1005.93,63.9
29.64,67.79,1009.99,51.23
15.86,49.69,1015.59,87.26
28.47,69.23,1013.18,40.73
13.66,40.55,1005.46,96.02
13.89,43.7,1015.12,64.99
30.12,73.18,1012.29,61.32
25.3,71.29,1007.86,62.98
24.16,60.29,1018.09,63.49
25.11,56.89,1013.33,67.31
20.21,58.12,1015.36,79.18
24.22,62.08,1022.53,60.79
12.42,41.58,1019.49,86.31
30.31,70.36,1006.55,59.92
27.91,64.79,1017.7,48.29
27.84,72.39,1001.18,83.46
12.76,42.32,1015.35,78.18
14.44,39,1017.06,76.02
22.81,58.96,1013.5,55.66
27.28,51.43,1011.46,51.38
23.66,77.54,1008.5,85.32
14.93,39.16,1007.25,72.35
20.08,63.09,1019,77.06
22.19,62.96,1019.54,67.96
26.04,74.67,1016.68,81.2
24.42,57.32,1011.46,55.92
21.97,58.12,1014.21,85.93
14.6,42.32,1015.71,77.03
23.38,52.84,1005.27,82.98
24.9,71.77,1006.24,85.25
14.89,39.58,1012.26,77.58
31.28,69.51,1010.09,36.85
13.92,41.16,1000.98,83.89
27.69,69.71,1009.9,69.91
19.46,60.07,1014.81,66.61
20.75,60.77,1017.91,86.06
17.17,63.09,1020.54,95.98
21.61,58.62,1017.61,76.07
28.31,65.71,1014.67,59.29
29.35,54.2,1013.07,42.45
6.37,41.03,1022.23,80.36
25.89,59.22,1013.4,80.17
14.1,42.74,1026.92,67.25
30.54,70.17,999.42,64.32
13.25,44.92,1024.11,89.34
8.6,36.66,1026.4,81.23
25.6,56.9,1006.35,81.58
22.27,48.98,1014.47,49.33
17.77,43.72,1009.01,77.7
25.57,65.46,1014.81,38.58
8.43,40.69,1020.36,87.28
13.1,49.83,1007.29,92.79
23.81,46.93,1013.19,54.82
11.61,40.81,1025.68,72.08
6.28,43.02,1013.72,88.13
29.3,67.69,1007.17,55.5
8.81,43.56,1014.99,81.5
16.5,44.63,1020.58,64.11
22.98,69.84,1005.55,84.1
7.26,40.69,1020.43,90.22
8.76,41.82,1033.29,76.5
9.12,41.49,1020.58,96.23
25.73,62.66,1010.15,54.66
24.61,62.96,1020.1,63.83
15.85,42.28,1007.4,82.12
21.6,66.86,1013.02,54.19
21.92,48.14,1013.44,67.8
18.03,53.16,1013.06,82.03
7.94,40.6,1015.3,92.14
27.19,71.58,1010.85,76.1
6.13,40.64,1020.69,94.57
14.08,43.41,1015.59,54.15
28.51,76.09,1007.88,78.2
25.91,75.6,1018.23,62.65
22.49,71.29,1008.24,75.8
12.6,41.5,1013.07,86.22
14.29,39.59,1010.93,94.53
23.61,63.94,1012.9,87.06
26.27,71.98,1005.72,86.15
22.58,41.54,1013.21,71.33
7.19,41.39,1018.12,90.76
9.39,40.11,1029.14,77.29
13.55,40.1,1014.57,81.48
25.32,48.41,1008.47,72.14
26.03,59.07,1007.3,82.52
12.38,45.09,1013.26,90.55
10.48,39.58,1011.81,88.86
26.17,58.86,1014.52,51.28
21.04,54.2,1012.26,85.61
19.8,49.15,1020.88,61.88
13.48,40.35,1011.71,69.44
12.74,39.13,1008.19,94.81
23.25,69.45,1013.85,70.14
30.93,69.98,1013.33,62.1
17.34,44.78,1007.81,56.38
10.33,43.99,1020.7,96.68
16.58,45.87,1009.66,97.59
12.04,40.23,1018.07,81.28
16.87,52.05,1012.7,71.63
29.01,68.08,1010.74,52.51
30.05,56.9,1007.02,41.96
10.77,41.46,1021.42,87.18
12,41.17,1019.48,58.71
10.05,41.17,1018.98,83.71
23.69,71.97,1009.62,93.03
19.51,48.78,1021.03,86.33
19.55,56.53,1020.2,78.1
29.86,70.8,1010.22,70.36
11.01,37.5,1015.08,73.36
15.71,40.12,1012.81,97.46
24.68,48.06,1013.83,54.97
29.55,72.29,1007.94,84.45
16.25,40.89,1011.09,62.7
11.39,43.72,1010.91,98.83
22.61,60.27,1018.81,83.27
18.2,49.39,1018.83,96.3
20.21,65.06,1016.46,73.36
29.17,67.45,1014.1,46.85
29.87,73.68,1015.1,40.96
8.07,41.01,1023.26,97.5
6.12,40.81,1014.77,88.15
25.02,59.92,1009.9,76.27
25.8,71.58,1010.08,85.14
9.07,36.3,1015.26,56.81
13.78,45.51,1015.56,69.92
21,66.86,1013.06,59.7
24.26,69.51,1013.43,53.23
5.43,39.9,1007.5,86.27
22.99,46.21,1010.71,60.11
19.97,59.14,1016.05,70.58
4.96,40.07,1011.8,67.38
13.78,45.78,1025.27,95.72
27.22,66.49,1013.45,42.41
11.26,44.92,1023.63,88.99
30.18,61.5,1009.8,36.81
15.63,40.56,1018.68,59.44
19.39,60.1,1010.28,83.31
27.33,52.84,1005.88,56.16
14.05,40.69,1015.66,74.39
13.8,39.39,1013.85,81.95
17.68,53.16,1013.09,82.79
19.11,44.85,1014.76,45.86
13.45,43.14,1015.5,74.33
11.54,45,1022.77,80.79
10.07,40.92,1021.43,97.15
12.25,44.85,1014.13,85.25
29.05,69.71,1009.03,64.25
19.65,62.1,1019.46,77.82
18.09,48.92,1010.6,52.11
24.04,59.43,1007.6,76.98
13.74,42.74,1029.54,70
26.05,44.89,1009.83,56.36
24.81,63.73,1009.34,83.61
15.3,43.34,1013.23,82.73
26.3,51.43,1012.05,63.62
32.63,73.88,1005.64,52.56
5.9,45.87,1013.25,87
21.44,62.96,1020.27,79.85
6.34,40.64,1020.62,94.39
23.93,65.59,1011.09,87.26
10.67,40.56,1022.39,77.92
22.04,57.32,1012.54,62.17
18.4,44.06,1017.36,70.88
28.81,69.23,1013.14,39.18
23.14,51.19,1009.56,77.2
24.94,62.96,1019.76,58.44
8.18,40.02,1031.45,73.66
18.16,39.99,1007.73,70.54
26.2,74.67,1016.69,84.38
11.02,41.17,1018.18,86.86
28.1,61.02,1011.28,59.05
14.87,42.77,1017.94,75.06
25.44,63.13,1011.74,77.83
7.7,40.72,1022.81,81.97
17.33,53.16,1013.16,82.93
25.34,59.39,1014.02,73.58
12.82,48.14,1017.47,81.45
21.31,42.8,1014.1,75.77
16.98,53.16,1013.95,82.8
16.61,25.88,1009.34,65.47
31.73,74.67,1016.38,44.51
7.4,41.04,1024.44,90.9
25.18,57.5,1015.07,60.76
23.55,51.95,1006,76.46
25.95,59.14,1016.42,67.03
28.08,64.44,1013.02,64.34
22.99,60.95,1015.14,69.86
12.02,39.69,1006.05,84.66
22.01,49.39,1019.6,75.8
6.76,36.25,1028.31,91.16
4.11,38.44,1015.9,81.79
24.49,68.61,1010.56,64.03
24.59,72.24,1011.42,81.5
28.19,62.6,1017.34,46.95
6.93,38.68,1017.61,61.28
32.36,73.91,1003.88,59.84
31.14,67.32,1013.93,38.37
20.53,49.16,1007.11,90.02
29.65,72.86,1004.26,69.63
13.18,43.8,1023.18,61.21
29.75,73.5,1011.13,67.31
12.23,43.69,1016.46,84.4
27.16,66.44,1011.2,73.37
27.82,76.09,1007.83,76.07
8.03,40.67,1020.13,70.87
32.13,69.98,1013.3,55.85
10.17,40.46,1018.54,68.21
25.48,60.29,1017.55,51.22
6.45,40.02,1032.08,79.7
27.58,71.97,1008.51,87.99
8.28,40.77,1011.55,89.79
24.14,62.66,1007.33,73.27
15.17,49.15,1021.91,91.73
23.56,66.49,1012.21,53.86
14.65,44.84,1023.39,87.76
20.08,58.79,1017.32,81.59
30.02,69.04,1009.68,56.01
32.34,74.99,1002.77,42.83
15.35,41.79,1008.38,81.13
15.28,44.58,1016.45,83.07
29.01,66.56,1006.44,57.62
26.11,47.43,1009.01,56.09
23.89,64.27,1013.37,75.22
8.3,36.3,1015.97,60.62
26.99,68.12,1011.45,58.48
8.7,36.24,1013.34,89.5
24.57,72.24,1011.44,79.19
13.24,39.85,1012.64,59.99
28.11,70.98,1007.76,85.6
11.41,39.61,1018.69,69.44
22.21,60.77,1018.21,84.96
17.94,63.07,1012.42,94.35
31.25,74.34,999.06,69.85
13.03,39.52,1016.68,83.09
11.89,40.03,1019.53,89.48
32.12,69.98,1013.31,54.3
31.41,74.16,1008.65,68.5
16.79,49.25,1021.21,68.8
27,69.4,1004.86,82.2
9.63,40.27,1009.96,81.03
25.14,49.02,1007.56,79.02
27.16,71.32,1007.81,89.07
9.69,40.46,1019.1,71.91
20.86,67.25,1017.45,81.45
30.71,68.24,1006.15,34.15
8.91,43.52,1022.78,98
29.28,77.17,1009.4,76.3
15.48,44.99,1011.94,69.95
4.56,40.27,1011.13,80.24
27.49,63.76,1010.09,62.8
22.25,59.8,1016.79,69.02
21.9,57.76,1017.45,66.89
11.89,40.64,1021.29,97.16
23.97,68.67,1006.63,76.83
30.5,66.75,1017.55,38.2
23.16,57.76,1017.74,63.79
13.88,39.16,1010.8,75.69
14.33,45.51,1015.42,71.55
19.29,67.71,1007.94,63.71
18.96,47.83,1006.15,75.61
21.83,62.91,1011.07,91.34
21.31,49.39,1020.18,71.35
30.45,43.21,1011.35,63.59
29.87,73.91,1004.53,74.3
28.29,61.86,1011.87,64.17
20.99,50.12,1008.82,95.97
12.52,71.14,1019.49,76.11
23.63,60.37,1005,81.66
13.73,45.08,1023.55,81.64
24.86,65.34,1012.99,60.33
28.95,66.75,1018.22,60.48
8.03,37.8,1020.47,60.67
12.08,40.24,1016.63,92.32
28.37,67.07,1005.65,56.13
29.17,73.17,1009.87,60.97
24.13,48.98,1014.74,40.13
28.21,70.02,1010.58,51.34
16.38,55.5,1019.8,82.44
25.56,70.32,1009.07,90.63
23.65,59.92,1010.19,89.53
24.29,63.57,1010.29,87.3
5.7,40.35,1012.18,91.57
28.26,72.43,1006.68,72.3
24.19,65.48,1018.8,60.54
21.9,47.43,1006.8,60.48
20.42,45.01,1012.23,66.5
20.32,44.6,1015.16,36.35
8.09,43.02,1014.79,81.06
16.29,53.82,1014.97,73.15
7.06,41.74,1021.95,90.38
26.81,71.29,1009.65,80.69
22.6,69.84,1006.37,79.59
17.19,58.86,1016.74,85.97
29.28,74.33,1011.66,72.37
28.72,76.86,999.31,71.74
29.46,49.3,1003.88,54.1
22.79,44.57,1007.31,69.36
19.44,48.7,1008.66,94.71
3.95,35.47,1017.36,84.88
22.61,42.8,1014.24,69.71
20.36,57.5,1014.36,82.96
27.47,70.72,1009.97,74.62
29.07,71.64,1006.07,69.53
30.19,64.79,1017.22,42.47
25.42,75.6,1017.39,77.63
30.08,68.14,1003.99,77.38
27.07,66.93,1017.32,55.38
24.23,58.79,1009.8,75.75
28.38,64.05,1010.19,71.84
25.66,61.08,1013,71.21
20.3,56.53,1020.27,76.49
23.43,51.43,1011.31,73.55
32.87,70.8,1009.54,59.85
29.52,77.24,1008.55,76.24
16.05,41.96,1011.82,96.05
5.95,37.8,1022.03,67.97
27.27,72.24,1010.69,78.09
11.75,41.2,1012.7,89.86
15.27,41.16,1009,84.12
27.08,62.91,1011.9,62.58
19.78,50.32,1008.62,96.4
25.44,65.06,1013.82,55.72
19.76,48.92,1010.48,46.57
28.45,69.23,1013.07,39.46
13.28,43.8,1023.17,63.98
27.53,70.32,1007.75,49.31
14.98,43.99,1022.66,83.34
16.69,43.52,1021.78,80.87
21.1,62.66,1011.19,83.49
29.45,69.13,1009.3,52.97
19.71,43.43,1009.58,65.71
24.49,65.61,1014.71,63.47
16.25,58.16,1018.34,78.59
26.05,65.59,1012.78,67.03
10.42,41.46,1021.04,89.16
13.7,34.03,1018.82,69.07
13.15,41.14,1026.72,80.31
27.96,73.42,1011.11,71.93
14.29,39.59,1012.36,92.38
27.61,49.16,1005.01,35.63
25.89,74.22,1007.43,81.55
23.34,59.44,1012.67,80.76
15.43,41.1,1005.2,85.06
15.37,41.96,1011.58,96.76
20.25,63.91,1009.27,97.97
28.67,66.25,1007.96,76.36
18.11,44.85,1014.48,48.94
27.4,66.48,1004.71,51.5
15.09,43.13,1015.71,54.36
16.58,43.99,1021.81,79.29
20.3,59.8,1015.24,78.75
12.63,48.04,1013,100.13
16.74,38.01,1022.63,69.19
13.52,42.34,1017.97,95.34
33.67,80.18,1010.83,60.87
30.33,70.32,1007.75,52.49
26.17,48.92,1009.87,34.43
9.08,42.49,1010.67,85.35
27.66,59.21,1013.12,51.58
23.29,62.91,1013.35,68.25
16.88,39.99,1007.08,74.29
11.76,40.96,1023.22,81.31
10.84,40.27,1005.24,87.27
16.31,42.28,1007.45,77.77
21.12,63.91,1009.33,96.14
21.95,68.08,1012.91,69.36
12.57,41.66,1009.11,70.74
30.76,59.57,1010.66,61.76
14.94,40,1017.69,65.43
13.1,40.55,1007.59,95.46
8.88,36.3,1015.27,56.96
24.15,64.63,1020.72,58.06
11.92,38.25,1013.13,84.92
28.82,64.79,1016.74,56.34
26.19,49.3,1003.69,65.88
12.19,40.23,1017.45,82.07
20.99,50.78,1008.55,75.14
34.63,74.33,1011.7,31.45
10.42,39.96,1025.21,95.69
18.4,44.92,1024.88,64.89
13.97,40.24,1018.32,88.72
14.47,41.76,1021.98,78.41
26.03,70.32,1008.81,71.35
25.78,59.15,1013.61,66.68
26.59,66.49,1013.32,49.76
12.85,40.35,1011.29,81.27
23.36,62.52,1016.18,68.18
28.92,61.02,1011.19,56.13
17.34,46.48,1007.18,83.15
28.66,77.95,1009.56,69.07
17.74,58.33,1013.55,81.8
19.26,58.46,1015.74,84.64
11.67,44.6,1018.09,92.53
22.08,41.54,1014.21,73.73
15.85,49.69,1015.48,88.65
14,41.78,1010.96,48.37
11.15,40.64,1020.65,97.95
26.85,57.19,1007.9,60.04
10.15,41.46,1019.56,81.79
20.45,69.45,1012.53,91.81
18.53,61.27,1019.84,75.22
21.14,58.98,1009.05,94.36
23.66,69.51,1012.9,52.59
26.94,59.87,1011.66,58.34
33.72,74.33,1011.4,37.51
12.95,41.23,993.74,96.35
18.34,62.1,1020.52,78.6
9.86,41.01,1018.49,98.71
23.72,70.47,1010.65,75.39
25.45,74.33,1015.53,80.95
11.23,41.17,1019.36,56.85
8.9,39.96,1026.31,95.46
14.68,58.2,1018.5,83.3
23.48,72.99,1009.61,88.16
24.14,59.87,1018.47,57.76
7.94,43.65,1018.75,59.45
26.34,59.21,1013.37,58.98
10.05,40.71,1015.51,84.21
30.8,70.94,1007.06,63.09
33.68,68.14,1002.75,56.05
31.95,70.8,1008.38,66.26
16.98,43.99,1021.65,81.17
24.51,68.63,1014.15,45.1
4.97,42.85,1014.02,88.78
14.1,44.84,1025.09,79.42
20.97,47.43,1007.64,71.18
25.21,69.48,1010.99,75.27
17.39,46.21,1013.94,82.73
9.77,39.04,1023.73,76.06
12.29,40.03,1017.62,89.64
27.83,72.29,1012.04,48.86
10.32,38.91,1012.11,81.49
31.05,69.13,1000.38,58.49
32.29,64.96,1002.13,42.61
19.26,65.61,1015.03,85.74
8.51,38.5,1013.33,64.28
10.58,42.34,1022.32,94.01
22.76,57.5,1014.75,74.38
15.72,41.76,1023.07,66.95
22.18,59.8,1016.77,73.16
27.42,65.74,1013.43,69.42
25.65,69.23,1012.55,62.02
25.81,66.51,1016.53,62.19
13.42,48.04,1011.63,99.32
23.21,73.42,1010.34,88.29
12.32,41.62,1012.88,88.88
24.6,57.85,1012.92,69.56
28.42,75.23,1010.25,56.8
7.64,41.17,1020.01,75.14
27.92,68.3,1015.02,51.04
11.82,41.17,1019.5,55.74
31.3,67.17,1007.27,62.99
24.9,67.25,1017.77,66.17
23.83,49.21,1012.93,46.79
29.97,67.9,1006.09,61.6
26.14,72.99,1007.49,81.72
10.31,42.49,1009.43,78.36
24.54,44.89,1010.05,59.13
28.94,71.64,1006.59,69.24
20.68,63.86,1015.73,74.36
5.37,38.68,1017.76,76.48
11.93,38.78,1013.15,96.08
28.32,71.32,1008.02,78.82
21.97,69.23,1012.25,86.45
15.95,49.25,1019.04,88.51
23.34,59.14,1017.47,78.91
19.2,58.71,1009.8,84.62
23.38,48.6,1004.45,69.19
31.41,76.09,1007.68,70.49
17.62,43.69,1016.49,67.92
5.18,40.27,1010.84,81.64
32.38,67.17,1006.97,60.04
7.49,39.81,1019.03,87.29
14.79,41.04,1025.32,75.81
24.26,42.8,1013.72,61.62
28.59,80.18,1011.36,89.18
24.82,71.94,1010.5,64.67
31.17,70.98,1007.19,67.34
9.83,41.17,1019.34,72.29
5.71,40.77,1022.51,89.58
12.78,41.04,1025.16,85.14
20.89,68.63,1012.6,69.52
32.77,72.86,1003.6,52.87
13.66,45,1021.97,79.04
13.41,39.35,1015.1,79.32
22.42,59.43,1007.12,90.56
18.81,49.15,1020.79,67.09
6.25,39.64,1010.98,83.45
20.92,57.76,1017.22,75.86
15.11,43.67,1012.06,91.75
24.54,66.49,1011.1,69.14
20.19,62.26,1011.37,89.69
17.25,43.14,1018.34,76.17
29.03,69.51,1009.8,47.04
8.32,39.64,1010.93,78.21
22.83,59.43,1005.51,83.93
24.4,60.37,1006.77,82.43
29.06,71.64,1005.54,69.84
24.82,74.87,1010.28,73.54
26.06,58.59,1012.41,55.22
25.39,58.79,1015.85,62.59
20.91,59.14,1017.25,74.7
13.08,41.74,1020.75,64.44
24.35,58.79,1010.13,72.1
4.27,39.64,1010.99,84.85
14.8,44.71,1014.67,41.71
26.99,72.99,1008,76.1
15.93,40.89,1011.57,74.55
14.45,43.34,1015.47,83.33
15.22,50.88,1014.19,100.12
21.52,50.66,1013.56,74.33
10.74,41.46,1016.76,84.59
13.93,39.64,1011.8,82.64
15.59,52.05,1013.67,78.55
24.03,58.46,1015.71,70.15
24.22,61.86,1013.39,80.11
32.1,69.98,1013.31,55.84
11.64,40.1,1015.5,87.05
22.89,73.11,1006.66,73.11
24.4,60.32,1016.5,70.96
23.27,64.69,1006.84,70.53
32.02,67.83,1007.77,53.31
14.24,41.4,1019.7,70.32
25.14,60.37,1006.63,77.17
27.56,63.9,1013.23,45.97
28.36,68.08,1013.34,42.82
23.51,63.78,1016.1,69.79
13.36,39.64,1010.3,93.26
7.8,43.65,1018.92,60.77
27.54,68.27,1008.12,56.42
8.83,36.3,1027.08,72.69
23.29,49.3,1003.88,74.12
13.29,71.14,1019.63,75.09
10.94,40.81,1026.03,80.79
31.35,70.8,1010.11,66.37
10.81,45,1023.45,85.89
16.02,39.54,1007.73,72.81
25.33,48.6,1002.54,68.45
14.19,39.52,1018.34,77.25
14.95,39.31,1009.15,75.3
23.06,63.9,1013.54,65.28
25.45,63.76,1009.96,67.78
16.45,41.48,1016.64,45.21
19.32,52.9,1016.86,68.2
26.47,63.13,1013.72,79.4
32.84,77.95,1014.68,45.8
14.12,40.92,1022.46,73.28
4.24,39.9,1009.28,96.74
24.44,72.99,1008.38,91.66
11.94,44.2,1017.97,82.93
22.55,70.79,1006.19,92.56
23.24,45.01,1012.21,45.23
23.55,62.96,1020.16,70.16
30.21,69.4,1003.69,62.89
26.09,60.23,1010.74,60.88
12.91,40.73,1017.66,93.66
17.78,52.08,1006.9,100.09
27.84,68.08,1013.34,46.19
28.64,66.54,1010.43,43.39
15.06,41.85,1016.78,88.23
16.7,50.66,1014.86,94.87
7.77,35.77,1016.53,73.79
16.2,65.46,1013.97,89.84
18.13,49.39,1021.29,82.52
14.47,44.66,1016.33,93.52
21.98,58.79,1010.72,86.85
12.57,39.16,1016.53,88.91
12.74,41.5,1012.94,86.28
33.8,64.96,1004.88,49.37
24.44,69.13,1011.1,87.62
22.9,49.3,1003.45,80.95
30.38,71.58,1010.17,50.45
14.04,40.2,1013.29,89.54
18.23,58.96,1015.55,69.61
26.09,60.29,1017.72,50.83
24.27,68.28,1005.43,67.63
7.41,40.71,1023.07,83.32
10.03,41.79,1020.35,66.42
27.07,77.95,1012.34,76.64
29.56,73.88,1005.77,66.45
20.14,46.93,1014.66,64.22
27.16,56.85,1012.07,39.05
30.42,67.69,1006.23,54.19
9.68,38.16,1015.54,79.67
29.29,57.19,1008.3,60.11
32.21,70.94,1006.76,47.56
12.82,38.62,1018.71,83.8
27.97,68.31,1010.64,55.91
18.86,46.48,1007.28,78.47
23.02,63.47,1012.21,80.61
25.21,75.6,1017.19,69.84
18.16,43.72,1008.64,75.22
7.69,36.24,1013.08,88.37
23.7,66.56,1002.07,85.19
25.26,52.3,1006.65,64.64
26.94,71.14,1011.63,62.74
13.21,43.71,1024.5,86.59
18.79,49.15,1021.69,70.16
5.72,39.33,1009.96,95.4
29.6,69.82,1010.49,61.66
30.49,64.44,1013.43,51.73
24.33,68.08,1013.02,64.81
27.26,66.56,1007.83,60.95
22.53,60.95,1015.12,75.1
21.76,47.93,1005.34,86.28
3.73,39.42,1024.4,82.42
10.76,44.58,1016.41,79.24
14.83,53.82,1016.57,63.47
10.28,39.64,1010.45,74.15
23.86,52.84,1006.56,48.94
16.44,53.16,1014.82,75.29
22.78,71.77,1005.26,89.23
31.27,73.91,1003.72,68.92
28.86,49.3,1003.93,52.85
17.12,68.28,1003.56,94.29
15.37,43.34,1014.84,80.37
12.19,40.75,1015.13,88.98
19.66,51.43,1010.17,84.19
28.55,72.43,1007.2,65.82
25.62,58.82,1010.02,70.31
23.42,50.05,1006.79,86.45
34.65,74.67,1016.03,26.67
21.62,50.05,1007.2,92.9
17.44,44.88,1018.05,68.35
6.9,40.62,1018.48,78.84
25.77,68.08,1010.99,73.58
17.85,46.48,1007.79,83.59
18.83,63.91,1010.8,96.18
22.53,58.62,1016.28,72.78
24.57,49.82,1016.82,65.25
5.52,39.33,1009.74,95.25
7.23,41.22,1015.23,98.04
8.91,40.69,1015.11,89.65
25.28,70.32,1006.91,81.74
15.47,48.98,1016.42,89.85
21.18,70.02,1010.27,96.46
11.39,40.27,1009.04,73.13
19.51,50.16,1010.33,94.37
25.23,64.63,1020.59,52.2
26.71,70.4,1007.59,82.63
18.27,50.16,1011.07,95.91
24.97,68.61,1011,55.04
27.52,74.67,1015.77,72.01
9.39,41.79,1021.6,50.09
24.31,65.94,1011.5,61.61
29.7,67.17,1007.31,66.56
21.95,59.43,1010.29,74.67
8.97,39.66,1021.63,78.94
16.96,44.9,1020.5,77.53
17.7,49.78,1005.19,100.09
21.84,55.5,1019.28,62.17
27.31,59.54,1006.24,71.99
11.41,40.1,1014.27,91.17
20.04,48.92,1011.14,68.92
6.86,42.49,1007.95,93.96
11.02,41.44,1015.28,83.53
14.05,40.71,1016.36,68.58
9.16,41.03,1021.3,76.08
14.12,41.39,1018.73,76.51
27.14,65.27,1013.26,55.17
26.05,65.38,1009.43,52.1
21.89,45.38,1014.42,68.95
32.91,73.56,1007.02,55.03
22.45,59.87,1018.92,72.73
6.17,39.33,1012.57,93.32
27.23,49.16,1004.03,40.8
26.14,61.02,1010.13,66.71
25.34,69.48,1008.4,74.79
14.95,42.99,1008.75,90.76
22.35,51.43,1011.34,77.33
17.34,44.06,1015.84,74.88
25.87,63.47,1011.54,65.45
18.64,67.71,1003.84,89.63
24.99,60.37,1005.66,74.87
14.92,41.16,1004.83,83.7
14.78,38.58,1017.02,82.4
9.68,41.44,1015.19,87.34
8.88,41.54,1019.05,80.77
22.08,41.1,1002.19,46.69
33.38,71.06,1008.1,64.83
27.59,71.97,1008.64,88.22
22.5,58.79,1017.48,73.02
26.02,59.57,1011.16,76.93
28.52,57.82,1004.81,57.82
22.69,64.45,1012.82,45.03
31.98,73.42,1010.66,60.06
26.66,64.27,1012.83,58.88
26.85,74.16,1008.66,93.8
25.45,75.23,1011.41,73.33
25.77,62.96,1019.86,58.07
20.08,49.69,1008.34,69.88
6.01,35.79,1011.26,90.72
15.25,46.36,1019.69,95.83
10.12,38.38,1018.22,85.93
9.47,41.4,1026.21,89.08
25.92,60.95,1014.62,48.46
21.3,66.86,1013.04,55.43
15.98,41.48,1017,55.73
10.1,40.22,1007.1,90.36
21.85,59.8,1016.89,75.28
15.9,39.99,1007.03,78.49
25.6,71.73,1010.15,68.99
10.45,39.69,1003.92,89.45
20.29,49.69,1008.94,69.91
19.01,58.46,1017.14,90.99
30.06,69.14,1007.5,72.48
17.38,43.14,1011.09,61.9
28.16,71.94,1007.69,68.17
18.4,40.79,1006.18,92.36
13.33,40.64,1020.92,91.47
21.49,68.28,1004.68,80.64
18.8,47.83,1005.86,76.77
23,63.78,1015.85,70.46
12.86,44.77,1018.75,74.73
16.47,38.01,1022.3,72.29
25.4,69.59,1008.58,82.22
6.64,35.19,1019.83,76.01
10.74,52.75,1021.75,75.41
15.48,53.82,1016.1,64.77
9.53,40.62,1015.57,75.49
16.9,54.3,1017.97,60.57
13.55,40.71,1019.13,75.44
30.1,47.93,1002.64,42.06
28.85,59.27,1011.69,51.8
32,58.9,1003.48,51.38
25.64,70.72,1010.16,84
24.29,57.5,1014.85,67.28
30.01,65.18,1012.87,43.95
29.08,67.07,1005.73,57.18
13.93,44.21,1022.26,82.4
16.7,46.18,1011.2,96.84
6.4,39.9,1007.75,86.55
6.43,36.08,1022.73,85.03
8.66,41.01,1022.51,98.55
11.42,41.38,1021.98,60.19
15.79,44.89,1010.19,84.61
21.65,58.18,1008.33,95.28
10.2,41.17,1019.56,82.46
15.36,41.35,1002.4,91.67
30.17,76.86,998.23,73.61
12.75,40.64,1020.44,83.17
19.69,56.65,1020.79,66.94
20.15,39.72,1001.85,59.32
24.39,63.21,1012.59,80.88
22.74,58.12,1015.16,79.58
13.94,42.86,1012.35,88.78
29.43,66.75,1017.63,42.72
10.1,41.17,1019.18,84.87
12.68,40.69,1014.46,79.77
5.04,40.64,1021.35,93.63
25.35,65.18,1012.67,70.36
15.2,39,1016.1,72.76
17.44,44.89,1009.9,80.54
20.07,51.3,1011.9,94.62
17.69,44.34,1019.31,61.12
16.73,58.59,1015.02,89.61
26.02,63.07,1010.94,53.96
20.89,67.71,1006.12,59.12
14.64,39.31,1008.84,79.3
15.92,39.16,1006.59,71.32
27.2,72.43,1006.75,80.67
14.09,41.2,1016.45,67.27
11.72,40.92,1023.35,88.55
13.99,45,1023.83,77.92
22.2,63.94,1017.38,56.17
17.76,42.42,1009.09,66.26
17.37,58.49,1012.2,91.14
27.77,63.9,1013.62,51.43
27.57,71.32,1002.59,76.68
11.52,40.8,1024.31,73.49
23.89,65.18,1012.46,78.29
14.59,42.44,1012.7,83.92
25.75,60.95,1014.75,53.3
32.57,78.92,1011.6,66.47
29.05,70.32,1011.33,72.5
12.35,40.73,1019.03,95.53
27.2,77.95,1009.48,78.53
23.44,62.52,1016.46,67.21
23.97,64.05,1012.23,90.18
24.34,66.05,1019.26,74.58
16.97,44.92,1025.21,74.27
8.21,38.91,1015.82,88.99
12.57,41.79,1014.99,87.8
12.87,48.04,1012.47,100.13
28.57,69.84,1003.57,66.55
23.93,64.45,1015.35,54.71
22.09,65.59,1015.54,72.44
23.59,71.73,1009.69,87.06
11.95,39.82,1013.4,92.51
14.91,46.9,1019.59,98.1
11.36,40.75,1016.34,85.19
29.61,67.07,1005.91,39.28
29.24,74.67,1015.81,59.95
23.55,73.18,1011.85,87.97
27.02,72.58,1009.21,89.13
32.45,68.3,1015.26,44.12
22.28,60.27,1018.98,84.12
25.14,63.47,1012.58,70.27
22.82,64.63,1020.78,66.73
31.59,58.9,1003.39,47.6
11.86,40.55,1019.82,91.45
20.03,45.01,1012.73,56.89
15.43,39.64,1008.58,87.99
31.35,68.67,1005.26,66.85
25.86,59.92,1009.92,73.95
6.19,41.31,1002.48,88.8
12.42,43.8,1023.13,79.8
25.5,63.91,1009.4,75.22
26.61,56.85,1012.48,48.84
19.4,49.69,1012.89,75.53
29.3,70.04,1010.95,61.23
7.44,38.5,1012.81,70.27
23.21,63.94,1013.56,80.23
12.76,41.48,1014.06,70.34
5.49,38.5,1012.18,79.33
16.01,49.64,1026.35,77.75
27.32,73.42,1012.07,86.3
29.48,73.21,1000.67,79.35
15.99,49.21,1015.17,76.4
13.64,34.03,1018.32,62.2
19.06,44.63,1004.23,84.43
15.3,43.14,1015.11,71.35
17.47,63.31,1015.28,88.22
26.02,68.67,1006.73,75.19
13.04,45.09,1013,87.68
17.85,48.14,1017.16,86.68
17.33,41.35,999.51,68.36
32.84,74.67,1015.89,31.81
19.62,52.05,1012.09,50.02
12.9,44.63,1020.72,89.51
33.01,69.88,1006.71,53.25
11.62,39.72,1018.4,68.06
11.46,44.85,1014.3,63.24
24.27,60.37,1005.13,77.16
25.37,44.89,1009.27,63.06
27.41,74.67,1016.57,80.16
23.79,48.06,1012.92,60.03
22.86,47.43,1009.75,61.54
30.25,68.24,1006.58,31.9
34.09,68.51,1009,32.96
12.68,45,1022.54,77.19
9.08,36.18,1020.24,68.37
10.29,41.46,1020.84,89.03
9.41,39.61,1016.14,78.38
15.3,41.76,1022.57,71.56
21.63,71.85,1009.44,76.89
12.48,39.85,1012.93,60.23
25.1,60.37,1005.83,72.53
7.09,43.65,1019.6,72.1
28.53,69.84,1004.46,68.03
8.53,40.77,1009.85,90.95
10.22,39.64,1010.72,63.05
13.35,41.39,1019.17,72.87
13.43,43.69,1016.21,73.01
22.02,46.93,1014.32,55.92
6.92,41.26,1011.16,96.2
19.05,55.5,1020.25,75.76
11.12,41.54,1020.13,75.07
24.81,60.95,1014.72,54.71
12.19,40.23,1017.76,81.44
18.83,48.98,1016.33,74.23
28.37,72.86,1004.81,53.52
19.67,60.77,1017.33,88.13
15.03,42.44,1014.25,94.52
4.83,38.44,1015.35,72.94
17.4,44.9,1020.5,77.11
23.92,63.21,1012.52,86.51
23.05,48.98,1015.64,49.33
9.59,38.56,1017.52,61.89
24.98,58.05,1011.69,69.97
14.46,42.86,1031.34,69.84
11.23,39.72,1018.46,60.62
27.19,62.91,1011.57,53.66
31.08,59.57,1010.76,60.49
26.95,72.24,1011.16,73.14
29.79,69.34,1008.82,65.13
21.97,58.79,1010.93,86.7
28.5,72.99,1007.02,67.13
21.78,47.43,1007.88,66.68
26.62,72.43,1006.79,82.74
13.35,41.44,1015.9,66.04
24.73,71.14,1009.07,68.87
14.09,45.87,1009.05,84.09
28.15,70.72,1009.76,73.38
11,40.23,1019.08,86.5
11.54,40.05,1014.78,87.05
26.92,67.25,1017.74,61.68
29.7,57.35,1005.63,57.35
19.68,56.65,1020.75,67.25
28.43,63.31,1013.44,49.99
20.67,70.02,1010.42,94.09
20.21,60.84,1018.5,82.73
24.83,62.4,1010.13,70.18
14.85,45.01,1013.12,85.53
21.11,59.39,1013.87,85.29
26.31,77.95,1012.45,77.22
23.96,51.3,1011.81,71.81
6.3,41.14,1027.45,86.11
12.45,40.1,1015.4,82.61
18.26,59.15,1012.04,86.01
15.18,43.67,1011.59,92.58
27.02,71.25,1000.48,87.86
25.96,60.32,1016.17,55.51
14.01,39,1016.73,79.23
22.54,63.07,1011.71,81.64
25.01,66.56,1009.68,64.94
10.59,39.96,1025.87,97.05
13.72,41.62,1011.14,75.79
17.27,40.55,1000.89,70.66
21.55,44.57,1006.03,71.54
24.38,47.01,1015.17,68.96
23.62,68.63,1013.18,50.57
15.6,41.04,1025.48,64.43
25.14,67.32,1013.96,41.78
14.28,42.77,1020.06,81.77
32.67,77.95,1014.62,50.73
11.62,41.54,1019.94,66.43
32.96,68.31,1010.39,42.33
31.71,73.5,1010.63,40.17
15.03,43.71,1025.07,83.25
28.29,47.93,1002.6,53.23
11.92,40.62,1015.91,55.4
32.14,75.08,1005.35,49.92
8.05,40.62,1018.16,73.67
32.09,70.4,1003.73,55.65
13.78,40.73,1017.55,94.28
10.31,44.63,1020.55,88.62
20.28,63.86,1016.04,74.66
31.46,70.79,1003.54,59.51
20.51,68.08,1012.73,78.05
34.18,78.05,1010.71,66.77
25.66,77.54,1008.22,78.42
18.6,43.56,1013.9,51.16
20.24,58.41,1013.73,99.59
11.28,42.44,1014.62,99.78
28.18,71.14,1011.56,48.03
24.75,63.57,1010.47,84.24
19.11,50.16,1010.88,100.09
24.31,44.05,1006.16,73.3
18.77,49.21,1012.2,58.69
24.54,65.46,1014.27,40.77
29.95,73.42,1011.44,66.32
29.83,71.98,1004.32,67.55
28.54,58.33,1013.9,49.4
23.92,66.54,1009.93,62.37
13.52,40.83,1008.31,84.14
18.17,52.08,1001.91,100.09
27.65,67.07,1005.65,60.42
24.87,60.37,1005.48,76.21
9,43.13,1020.25,81.32
29.92,57.19,1008.62,45.8
28.86,73.4,1011.37,58.76
22.35,65.61,1016.27,73.93
8.01,40.62,1015.62,86.43
12.76,43.7,1015.13,65.34
12.19,40.05,1014.77,84.39
14.38,40.66,1016.34,92.37
22.2,51.19,1009.2,82.95
13.17,38.52,1018.5,83.77
19.54,54.9,1017.15,70.37
13.78,40.1,1014.49,81.86
17.36,41.23,998.08,63.46
18.55,41.85,1015.24,62.47
6.43,39.61,1017.51,83.8
15.4,41.16,1005.34,80.22
26.62,71.73,1009.32,80.1
26.94,73.21,1002.83,91.25
20.51,45.38,1014.29,69.14
17.48,44.2,1018.89,61.51
18.21,39.54,1009.81,70.92
20,63.31,1017.06,63.1
11.22,40.22,1011.01,81.67
18.77,39.54,1009.39,63.35
11.02,44.58,1016.4,83.57
14.98,39.58,1011.78,75.07
23.77,61.87,1009.8,54.83
9.06,36.3,1015.14,58.71
28.97,78.92,1011.71,88.5
13.55,40.1,1015.7,86.68
14.32,71.14,1019.87,79.15
20.37,69.48,1011.04,84.31
29.3,68.08,1011.23,56.23
26.68,62.91,1012.33,60.78
25,69.71,1009.23,80.92
20.58,49.15,1021.42,56.15
21.61,49.39,1019.41,78.2
27.57,70.36,1007.18,71.1
30.93,71.85,1008.63,58.47
21.69,57.17,1011.75,82.63
26.86,71.32,1007.38,81.14
10.12,40,1021.15,91.67
21.09,46.63,1013.03,74.8
30.24,67.32,1014.07,46.53
19.66,45.01,1014.42,60.14
18.87,52.05,1012.02,53.46
29.56,52.84,1006.09,42.17
24.2,63.21,1012.25,79.86
5.11,42.07,1004.28,81.8
9.81,44.45,1021.19,90.55
12.05,49.83,1008.54,95.11
14.72,40.83,1009.65,80.98
27.08,66.05,1017.91,59.1
17.88,45.87,1008.39,93.63
16.97,42.86,1013.92,74.8
11.77,40,1021.08,85.08
9.45,39.04,1023.08,75.81
26.97,71.58,1010.13,75.16
29.22,60.23,1009.73,61.5
23.46,51.19,1009.6,73.22
25.32,60.37,1006.19,73.94
18.06,50.16,1009.52,100.09
29.69,47.93,1002.85,44.76
12.78,44.6,1013.64,77.56
9.75,42.49,1010.57,83.63
5.5,39.04,1021.46,78.91
22.49,61.47,1009.14,90.23
21.62,58.59,1012.93,67.05
29.67,71.98,1005.16,67.75
32.63,69.89,1013.85,41.66
30.9,70.8,1008.48,67.48
9.55,41.44,1015.07,85.94
18.95,46.21,1013.47,81.22
10.82,37.5,1009.23,96.62
19.83,59.44,1012.98,91.24
28.61,69.84,1004.02,67.26
7.19,40.81,1015.22,85.65
10.22,39.96,1025.05,96.05
20.76,70.72,1009.73,89.04
11.52,40.03,1017.56,87.87
4.87,42.85,1012.69,94.72
27.26,63.77,1014.07,66.58
6.5,41.14,1028.15,86.78
14.57,41.79,1007.61,82.85
12.64,40.69,1015.86,82.06
21.84,59.07,1008.84,96.5
9.78,52.75,1022.97,78.31
21.33,58.46,1016.17,79.73
7.53,43.65,1018.58,64.85
24.2,68.67,1006.72,78.08
26.26,74.9,1003.85,81.94
25.04,63.86,1018.92,52.79
20.65,66.51,1014.94,71.83
23.13,61.47,1008.96,85.5
29.54,72.29,1011,42
8.51,40.81,1015.54,83.16
17.11,49.78,1007.25,100.09
8.01,40.46,1019.42,76.15
31.67,69.68,1012.38,46.52
28.71,70.32,1011.78,76.53
11.45,41.17,1017.98,84.64
6.76,40.62,1015.67,87.16
17.37,48.92,1011.91,58.4
30.12,69.68,1012.89,60.64
19.65,45.01,1014.18,56.77
19.28,65.46,1013.77,64.24
15.29,41.1,1005.75,85.53
25.42,73.17,1012.29,85.86
13.85,48.06,1011.13,75.2
23.78,58.86,1015.7,62.95
17.77,52.9,1020.11,81.51
23.38,65.06,1014.12,59.36
14.77,48.06,1010.92,69.81
11.68,40.55,1006.48,96.16
18.95,65.48,1018.17,71.85
22.4,68.31,1009.52,83.5
4.71,42.07,1005.35,82.26
13.51,40.1,1014.29,86.34
13.44,39.39,1012.93,84.29
9.28,41.54,1018.33,79.89
18.51,58.46,1017.21,88.1
31.37,74.87,1009.22,56.58
23.58,49.3,1003.8,74.62
30.54,69.14,1007.25,70.46
22.98,58.46,1016.06,72.69
22.31,51.19,1009.38,79.72
10.18,40.81,1015.79,81.42
28.52,70.02,1010.34,54.21
23.13,71.25,1002.49,94.59
24.61,69.68,1012.06,92.47
26.35,59.44,1012.16,63.73
16.95,40.12,1012.59,87.87
28,69.05,1000.82,65.24
32.63,74.99,1002.42,40.07
10.67,40.23,1017.75,85.06
14.15,39.28,1013.5,77.63
8.57,41.17,1020.18,72.47
22.88,59.21,1011.51,86.93
14.26,44.2,1019.81,76.46
27.76,69.4,1004.27,72.25
22.67,58.2,1016.91,60.75
9.14,38.91,1018.62,89.88
28.98,73.42,1011.25,72.9
17.68,45.17,1017.5,77.57
22.87,71.29,1008.1,73.1
25.45,72.24,1011.44,80.54
26.19,73.77,1001.31,91.87
31.09,59.57,1010.67,60.5
26.85,69.84,1002.84,81.31
30.51,60.75,1009.86,51
24.02,70.94,1008,79.55
10.73,44.92,1025.1,85.4
9.54,41.17,1019.79,65.61
28.72,68.14,1005.82,46.52
23.56,42.67,1008.01,66.76
5.17,39.33,1009.68,94.19
10.33,40.69,1014.25,84.46
23.29,68.51,1013.19,77.81
9.73,40.22,1011.48,87.88
19.29,50.16,1010.49,97.78
20.88,56.85,1010.91,84.28
26.19,69.34,1009.48,87.59
17.99,50.59,1015.9,77.28
32.51,73.56,1007.06,59.6
27.67,71.64,1004.41,78.14
21.14,69.94,1008.87,79.74
23.75,66.54,1004.41,85.44
18.42,58.95,1016.95,86.77
6.04,41.14,1027.8,86.4
30.2,73.67,1006.31,62.14
31.73,73.42,1010.8,61.81
29.62,70.02,1010.09,43.1
14.72,39,1016.42,76.42
24.22,68.51,1013.23,74.96
19.06,50.16,1011.36,99.64
26.29,56.85,1012.68,60.33
20.97,44.63,1007.64,73.69
14.78,41.17,1016.42,67.42
22.93,63.13,1011.6,77.09
27.77,62.26,1010.88,66.45
21.85,58.33,1013.03,66.39
25.63,58.86,1014.86,52.75
13,39.85,1012.57,61.56
15.15,39.58,1011.94,73.63
20.54,68.12,1012.23,81.06
28.27,66.56,1007.36,55.99
20.41,48.06,1012.62,76.21
26.78,73.06,1007.99,90.47
25.55,71.64,1009.09,79.35
23.97,44.57,1007.35,62.71
24.96,77.54,1008.25,80.6
18.9,47.83,1005.31,77.79
14.2,42.86,1031.96,69.59
18.88,62.96,1020.62,82.01
13.56,39.52,1016.61,78.35
24.34,48.78,1018,73.44
26.73,49.02,1007.75,67.73
32.31,68.94,1006.11,71.78
17,45.09,1013.52,88.32
9.41,43.5,1021,88.74
6.9,40.71,1021.78,94.8
18.36,53.16,1013.31,83.18
26.47,47.43,1009.09,54.94
5.71,40.77,1022.49,87.9
8.73,39.42,1025.63,69.87
14.41,46.18,1016.25,88.88
19.22,62.1,1019.43,79.19
8.26,44.71,1020.85,68.82
25.09,71.58,1010.17,86.01
26.51,67.25,1017.85,64.17
6.03,41.17,1019.81,84.2
13.99,36.71,1013.43,83.13
14.8,58.2,1018.29,85.11
9.95,41.82,1033.09,69.44
26.58,59.39,1014.49,65.87
10.56,41.54,1019.92,78.95
24.66,58.86,1013.86,56.39
18.81,52.08,1004.43,99.6
18.17,66.86,1011.29,78.48
10.12,39.96,1025.98,98.63
26.62,65.12,1016,43.24
24.35,70.04,1010.92,73.88
11.58,39.69,1005.17,86.55
27.26,73.18,1012.58,74.83
25.11,63.21,1012.21,83.58
13.91,39.35,1014.69,75.51
16.58,38.01,1023.5,60.14
22.56,70.79,1005.85,93.09
18.59,44.63,1003.99,86.22
6.37,40.81,1025.98,91
32.39,74.16,1008.53,61.09
29.19,67.51,1011.48,55.55
24.73,69.05,1003.25,66.44
19.8,57.25,1010.84,88.9
25.3,70.98,1007.22,95.1
6.18,41.38,1020.23,81.38
21.36,58.95,1018.35,78.87
12.54,40.8,1024.56,68.97
27.78,68.67,1005.59,59.17
25.42,69.71,1009.29,82.5
11.17,39.72,1002.4,81.4
20.6,45.38,1014.93,75.78
12.15,71.14,1019.56,86.06
25.72,70.47,1010.44,70.57
13.32,44.2,1020.02,78.78
29.76,73.56,1008.07,84.85
21.14,58.05,1012.98,87.27
25.91,58.98,1010.02,75.31
4.49,40.27,1012.01,76.5
20.76,44.58,1017.09,57.47
29.53,71.14,1011.39,53.41
25.19,63.94,1012.78,75.15
9.43,41.4,1028.81,85.83
31.74,67.32,1013.69,36.59
17.79,45.01,1015.71,67.13
14.91,39.28,1014.57,75.23
20.09,63.94,1020.82,74.16
22.35,54.42,1012.46,75.01
12.93,43.13,1014.91,55.7
15.6,41.7,1019.15,84.1
27.31,64.44,1014.65,57.27
28.54,69.59,1008.84,78.62
22.43,63.76,1009.84,75.27
16.64,44.9,1021.02,70.34
33.76,68.51,1011.33,38.35
9.13,39.04,1022.36,74.6
8.66,40.11,1032.86,75.31
13.7,43.22,1012.01,71.57
6.79,38.5,1012.61,72.46
18.91,56.9,1006.98,84.07
26.52,65.06,1013.4,51.78
9.37,42.32,1015.15,82.96
8.73,41.26,1020.54,91.37
23.03,65.12,1016.29,69.8
9.44,41.79,1020.16,72.26
28.73,50.05,1005.79,52.4
32.48,69.75,1009.05,40.47
26.54,71.98,1005.8,91.16
15.22,41.35,1003.12,95.45
6.45,35.77,1018.86,67.84
15.65,39.59,1012.8,87.63
19.46,47.03,1013.9,88.86
24.43,65.27,1013.25,55.4
27.22,68.3,1016.84,64.88
11.17,40.27,1009.54,74.56
31.16,67.45,1014.69,32.25
13.62,40.2,1014.2,85.05
21.4,47.93,1005.16,88.44
22.96,68.61,1011.15,76.62
22.89,80.25,1006.38,80.25
11.56,41.62,1012.5,91.42
7.84,41.39,1018.21,91.92
27.05,75.33,1003.88,82.94
11.48,37.92,1008.47,70.55
31.01,74.16,1010.89,56.52
14.05,41.39,1019.06,68.54
14.26,42.86,1011.33,88.37
25.42,73.21,1001.91,93.78
13.65,44.6,1017.99,87.04
13.9,40.2,1013.13,89.91
26.77,68.08,1010.83,63.48
26.85,75.6,1017.43,74.55
13.65,42.86,1015.41,87.67
19.14,56.65,1020.84,82.97
28.01,44.89,1008.98,48.52
25.34,71.06,1007.74,92.52
30.7,67.69,1005.92,51.58
32.09,72.86,1003.47,54.59
13.3,50.59,1019.38,92.96
16.36,53.82,1015.05,71.95
20.76,69.05,1001.89,77.86
7.69,43.02,1014.51,85.23
6.29,43.65,1020.68,70.14
14.5,53.82,1016.81,62.89
15.14,39.72,1002.96,72.52
32.32,67.9,1006.08,37.93
27.76,72.58,1009.04,84.96
22.1,68.63,1015.19,59.05
14.6,53.82,1016.28,64.83
23.81,60.08,1017.29,62.66
24.74,63.87,1016.91,55.65
30.52,70.4,1003.9,64.33
8.19,40.69,1019.86,85.23
16.84,56.03,1020.25,70.37
32.16,71.32,1005.5,60.23
12.76,40.27,1006.58,49.34
27.51,63.73,1009.97,66.14
28.07,61.47,1008.68,64.83
7.76,42.28,1008.52,83.31
29.8,64.69,1006.6,54.43
14.78,42.86,1015.32,84.75
21.28,44.05,1005.69,83.2
11.63,40.55,1022.89,87.12
21.84,60.29,1017.23,66.89
6.92,39.61,1018.64,82.27
20.77,60.1,1011.11,81.09
25.95,65.61,1014.36,52.54
25.09,69.68,1012.18,91.33
23.78,60.27,1018.02,78.06
31.95,70.79,1003.8,55.25
21.3,41.1,1001.86,42.75
9.38,43.7,1015.45,90.47
26.86,71.14,1007.11,76.61
20.29,65.27,1013.17,74.94
25.76,63.94,1018.49,42.14
21.9,63.13,1011.54,81.83
20.76,58.79,1017.22,78.75
17.89,44.6,1014.48,42.51
11.09,41.58,1020.99,91.09
13.74,44.21,1023.26,84.2
16.77,45.01,1013.47,81.42
22.34,52.84,1004.05,73.96
26.32,69.71,1009.39,67.05
17.72,39.99,1007.34,72.3
20.28,57.25,1010.12,88.42
25.99,68.08,1013.13,59.14
17.06,58.96,1013.83,73.95
20.08,58.12,1015.53,80.84
20.64,61.86,1012.81,99.97
26.41,68.24,1010.6,77.79
16.26,44.89,1010.48,86.57
26.36,54.5,1015.35,66.87
21.94,62.52,1015.99,74.56
14.94,41.35,1004.82,98.04
19.94,61.87,1009.7,66.6
24.91,57.17,1010.88,72.97
24.04,51.95,1006.13,73.92
23.38,59.07,1009.29,92.4
7.78,39.18,1024.62,85.15
34.96,68.94,1006.17,59.26
24.64,58.79,1009.82,73.96
28.02,63.9,1013.96,46.2
20.77,56.85,1012.4,83.63
10.59,37.5,1013.14,81.56
25.56,50.05,1005.67,69.29
32.17,73.21,1001.43,69.86
6.15,40.07,1020.2,66.64
12.02,43.69,1016.12,74.07
16.32,43.14,1014.72,70.43
10.77,41.54,1019.94,71.13
14.69,35.71,1015.78,57.34
24.42,63.31,1012.64,71.8
28.12,73.42,1011.49,80.16
12.88,40.64,1020.76,92.58
20.14,65.06,1014.81,80.01
11.48,41.2,1012.88,90.04
29.83,71.43,1011.93,55.8
22.49,62.96,1020.21,78.99
22.49,58.71,1009.75,76.43
30.78,69.14,1007.27,62.77
7.87,42.85,1012.18,94.21
10.38,37.73,1021.5,75.02
22.35,63.47,1013.21,82.52
7.55,41.04,1027.03,83.32
12.65,44.34,1019.4,71.45
26.87,74.99,1002.48,71.91
17.45,50.9,1012.16,83.8
15.1,41.35,1003.84,97.89
22.1,58.33,1013.71,69.09
29.2,64.84,1009.94,55.37
20.73,41.1,1001.86,47.51
12.42,40.24,1016.59,90.01
17.59,65.48,1018.96,81.34
8.14,36.24,1013.15,87.85
11.06,36.71,1021.67,80.44
13.88,48.79,1017.28,79.4
29,70.72,1009.51,67.72
21.54,58.12,1015.33,78.67
24.05,61.87,1009.64,54.54
12.83,41.67,1012.84,84.29
19.65,57.85,1011.73,93.89
16.36,43.99,1021.34,85.13
18.66,56.53,1020.13,80.04
21.37,65.94,1010.73,75.09
29.25,67.32,1013.88,38.57
13.86,41.78,1010.75,57.9
4.77,39.33,1011.32,68.98
21.51,65.48,1017.11,72.99
14.01,38.91,1015.86,69.24
24.4,41.1,1002.14,38.75
18.62,65.48,1018.45,73.39
10.48,37.5,1009.81,95.26
23.18,51.3,1012.04,78.64
21.91,58.62,1015.95,72.87
19.5,40.79,1003.8,89.45
16.16,25.88,1009.58,72.24
23.05,65.94,1010.99,69.73
5.46,40.81,1025.73,93.52
11.82,41.26,1020.74,91.14
8.6,42.28,1008.58,80.15
13.83,40.2,1013.28,90.44
10.27,41.44,1017.04,77.09
20.3,58.41,1014.05,86.38
14.27,41.48,1014.83,62.7
24.58,71.94,1006.85,89.02
22.92,63.94,1019.28,42.69
28.84,75.6,1018.41,53.96
12.36,52.75,1026.04,68.71
33.13,74.34,999.57,48.34
25.8,65.38,1009.3,52.28
23.07,49.02,1009.07,84.1
27.65,48.41,1008.54,58.25
7.11,41.74,1022.35,90.68
30.68,71.25,999.98,68.99
31.39,69.59,1008.28,62.86
12.45,40.81,1025.63,66.26
24.65,71.98,1006.46,91.11
14.48,39,1016.75,75.97
25.79,63.9,1014.39,60.49
32.18,69.75,1009.94,52.91
26.31,52.09,1013.39,53.59
9.76,41.01,1019.66,97.59
17.53,50.66,1012.74,91.51
19.73,56.65,1020.7,69.49
28.37,68.12,1012.41,45.87
23.76,61.5,1009.15,68.52
20.12,56.53,1020.34,75.59
10.35,44.2,1018.46,88.6
23.57,70.04,1011.06,82.79
18.1,45,1023.05,48.41
22.78,59.92,1011.28,88.78
24.73,74.22,1010.15,79.83
26.38,66.49,1013.89,43.06
25.68,58.41,1013.71,70.61
23.46,72.43,1008,90.55
14.1,42.18,1015.05,78.25
13.62,42.34,1017.87,89.67
18.5,47.45,1009.23,83.21
25.98,60.95,1014.5,48.01
12.54,44.03,1007.05,84.03
30.85,67.45,1014.53,32.99
28.31,70.32,1007.88,47
19.78,54.42,1011.74,89.34
21.42,43.79,1015.76,43.08
22.21,61.5,1008.34,76.22
29.72,54.2,1012.86,38.48
25.37,68.31,1011.12,70.99
12.27,41.17,1019.39,52.18
16.84,39.63,1004.67,82.98
27.09,73.5,1011.34,76.06
23.1,60.08,1017.69,65.44
22.67,60.77,1017.56,79.43
28.46,49.16,1004.61,38.1
18.61,67.71,1004.07,84.49
23.54,41.1,1002.05,38.05
34.61,73.03,1013.61,36.91
25.42,59.04,1011.98,68.78
19.2,59.21,1017.84,89.56
19.69,59.14,1015.99,70.33
16.62,52.05,1011.96,67.81
9.15,41.82,1032.88,75.11
26.06,54.5,1015.52,67.12
25.25,58.46,1015.54,70.76
7.2,40.02,1031.71,69.89
25.44,66.54,1011.9,56.76
27.79,71.85,1008.95,87.35
22.07,48.41,1008.71,81.29
17.46,62.1,1019.96,83.99
23.93,68.28,1005.16,69.91
24.37,65.61,1014.5,65.67
11.05,40.75,1016.55,87.08
26.46,74.67,1016.65,84.44
17.35,39.39,1013.18,67.67
12.03,41.58,1015.09,90.43
11.83,44.21,1019.37,85.31
8.35,43.79,1016.2,85.23
22.3,67.25,1017.33,75.85
21.96,59.8,1016.72,72.6
11.82,41.54,1019.96,67.65
17.47,43.77,1012.25,76.78
23.76,51.19,1009.69,70.87
20.36,66.05,1015.86,87.19
23.56,73.67,1007.13,87.1
22.28,58.12,1014.54,83.27
24.63,63.9,1014.53,75.24
22.29,43.79,1015.68,41.75
14.24,39.99,1009.3,83.75
33.37,71.37,1003.75,45.26
15.86,43.02,1012.18,40.33
19.44,59.21,1018.5,88.35
28.31,71.85,1009,77.56
27.41,69.98,1008.51,65.49
22.56,60.29,1018.19,67.53
9.06,43.79,1016.05,81.32
21.47,65.61,1015.92,76.22
27.04,48.41,1008.57,60.73
4.31,38.5,1011.75,82.08
14.22,45.08,1023.26,84.41
21.19,58.86,1014.19,68.96
5.82,40.78,1024.82,96.01
22.48,50.05,1005.55,82.36
6.72,39.85,1011.84,84.66
8.89,41.54,1019.27,82.87
19.45,41.1,1001.88,52.16
30.88,67.83,1008.97,54.99
11.06,37.92,1008.76,67.32
33.58,77.54,1010.19,53.49
17.7,50.88,1015.44,89.57
21.5,50.32,1008.65,81.68
28.34,73.68,1015.05,76.73
20.76,62.52,1015.63,81.04
21.81,65.06,1014.6,66.41
5.74,40.62,1016.31,84.91
6.02,43.65,1013.85,83.53
30.22,74.9,1003.57,67.15
13.48,46.18,1018.15,88.38
37.11,68.94,1006.23,31.15
17.35,42.86,1014.62,74.16
26.59,59.92,1009.97,70.09
26.15,64.27,1013.03,59.77
18.62,61.27,1019.26,73.35
15.45,61.27,1019.87,79.21
25.88,61.47,1007.93,68.71
26.49,59.44,1012.09,57.84
22.2,59.21,1017.87,73.34
24.49,65.59,1011.52,85.12
12.55,38.91,1012.58,75.44
11.83,43.14,1010.06,88.14
6.23,40.96,1022.49,93.15
26.93,62.44,1011.02,70.05
25.2,59.21,1017.54,55.53
22.29,45.01,1012.4,51.58
15.43,38.58,1016.58,81.17
5.19,40.78,1025.24,95.07
27.17,61.02,1011.38,65.32
10.53,37.5,1008.55,99.91
15.19,42.03,1017.38,71.66
24.49,49.82,1017.09,64.02
27.46,67.69,1004.7,70.15
12.84,50.59,1020.08,88.08
4.99,39.04,1020.45,78.89
17.85,53.16,1013.05,82.72
16.34,47.45,1009.41,92.96
13.54,40.69,1015.85,77.55
24.24,70.32,1009.38,82.83
16.65,49.69,1014.01,91
31.98,64.05,1010.49,58.01
21.54,58.41,1013.99,86.34
22.03,59.43,1006.88,82.05
14.26,44.47,1028.11,66.81
12.38,40.6,1013.86,85.35
10.07,39.66,1015.37,83.78
28.61,68.12,1011.71,47.57
11.02,43.02,1012.32,66.54
22.99,46.93,1014.15,49.42
28.44,69.4,1003.98,73.51
31.59,62.7,1009.3,50.16
21.83,63.13,1013.4,85.82
11.82,41.74,1022.36,74.06
20.2,64.45,1009.03,61.77
24.96,69.68,1011.37,63.12
19.8,67.71,1005.58,69.65
25.61,60.32,1015.77,56.48
16,37.87,1020.24,78.41
20.69,50.78,1008.71,91.95
25.88,63.47,1011.95,65.87
22.65,68.67,1006.67,77.42
23.38,48.78,1019.03,78.69
9.34,38.08,1019.56,67.74
15.01,42.77,1018.21,73.22
17.76,40.55,1002.82,73.77
14.86,44.85,1016.19,67.43
19.04,68.28,1004.52,86.16
11.94,44.6,1018.69,85.33
18.06,43.14,1013.95,62.21
23.81,66.51,1016.96,70.16
8.39,36.24,1013.39,89.13
28.41,75.6,1018.48,56.07
30.37,76.09,1006.95,65.93
5.82,40.62,1016.79,85.04
20.76,51.19,1009,87.23
13.42,40.35,1011.2,77
22.61,45.38,1013.92,62.91
13.26,42.99,1007.58,94.26
25.35,72.99,1007.65,84.09
28.01,73.18,1012.25,75.02
9.29,39.04,1022.72,74.29
9.83,38.56,1017.35,62.8
23.14,58.18,1008.89,81.82
21.55,44.58,1017.2,46.64
27.01,71.25,1000.46,87.95
6.09,43.65,1020.95,71.15
24.62,70.47,1010.55,72.71
8.36,40.22,1011.6,89.18
14.85,40.69,1014.91,72.64
7.67,42.85,1012.02,93.35
32.41,58.9,1003.26,45.33
18.44,39.72,1001.14,66.83
10.23,43.72,1011.18,97.93
34.76,68.94,1006.75,41.31
4.71,39.42,1026.4,84.42
8.53,38.18,1017.54,76.49
17.31,44.71,1017.43,35.4
13.19,39.18,1023.67,66.78
25.32,71.94,1009.94,62.93
4.15,39.9,1008.84,96.68
7.79,41.01,1024,97.2
11.42,41.54,1020.21,71.57
22.38,71.85,1009.56,74.91
21.01,50.9,1012.24,70.82
10.58,41.49,1020.43,91.9
24.27,60.23,1011.84,77.8
14.12,39.4,1008.02,76.45
20.01,56.65,1020.77,74.46
21.6,62.52,1017.23,67.87
21.83,57.85,1012.49,75.16
15.49,42.07,1018.01,78.07
27.2,65.12,1016.2,44.95
17.51,68.28,1004.36,94.87
14.13,43.41,1015.26,55.63
30.76,69.14,1007.63,71.24
9.99,36.71,1023.57,83.53
20.24,56.03,1019.78,59.8
22.72,64.15,1021.14,60.34
24.67,63.56,1013.75,67.56
10.48,41.38,1021.97,65.22
30.09,76.2,1006.64,61.02
21.93,62.91,1013.45,74.62
10.34,37.5,1010.35,95.56
30.98,67.45,1015.18,45.4
25.26,74.33,1014.79,79.56
17.14,40.55,1000.05,71.41
33.26,68.51,1012.49,52.68
20.14,46.33,1013.24,83.39
21.82,63.9,1014.48,92.53
23.63,71.29,1008.01,70.07
28.81,64.96,1000.46,68.05
10.08,41.16,1023.14,96.03
19.69,39.72,1001.49,60.34
13.9,42.86,1030.82,71.89
28.61,68.12,1012.23,46.45
15.67,41.1,1004.1,77.93
24.67,68.14,1004.96,58.15
22.91,66.44,1011.23,63.43
28.75,64.84,1009.61,58.24
21.7,64.69,1007.93,78.37
33.08,69.75,1009.03,43.69
12.83,44.88,1017.86,87.88
14.5,40.66,1016.81,82.93
6.8,41.16,1023.17,95.4
24.06,58.2,1017.46,48.04
20.76,59.04,1012.51,85.39
29,69.68,1012.78,66.09
11.8,43.99,1020.86,98.44
17.46,39.99,1008.52,69.73
26.73,77.95,1012.31,78.35
8.69,40.81,1026.19,86.25
18,43.7,1015.4,61.28
24.45,65.12,1015.92,57.19
10.61,41.58,1021.08,93.06
20.35,67.71,1005.85,63.97
18.93,59.39,1013.92,68.78
20.54,61.27,1019.6,61.87
6.18,41.55,1001.58,98.79
29.91,76.86,998.59,72.41
25,59.43,1007.84,68.91
8.55,36.25,1029.54,85.23
9.31,41.39,1018.3,93.68
21.99,58.96,1014.09,61.3
16.52,44.88,1017.61,90.08
21.62,48.78,1020.06,85.09
9.99,41.82,1033.14,68.36
15.18,44.2,1019.6,72.45
6.81,38.56,1016.5,70.99
27.87,70.79,1003.96,72.17
14.48,40.83,1009.42,81.74
24.1,68.08,1012.73,65.24
26.96,65.34,1015.05,46.93
32.06,69.88,1006.88,63.53
5.21,35.79,1011.5,95.08
23.27,60.84,1019.13,67.24
16.66,41.16,1007.37,76.82
19.77,56.65,1020.67,66.33
12.9,43.41,1015.92,59.15
4.73,41.31,999.77,93.44
7.64,41.17,1020.01,75.14
14.35,39.39,1012.92,82.41
13.49,44.63,1019.12,70.02
25.44,69.59,1008.22,80.73
22.25,60.84,1018.07,73.67
31.37,76.86,997.34,62.94
22.75,58.86,1016,67.34
25.06,78.92,1010.74,90.7
10.47,44.21,1017.87,85.34
7.33,41.16,1023.17,92.43
6.75,39.4,1011.28,90.84
15.46,42.07,1017.9,81.12
14.19,49.83,1006.52,90.72
5.74,45.87,1011.44,95.94
15.62,58.59,1013.91,97.6
26.37,69.84,1002.71,83.51
18.64,43.79,1016.01,51.17
12.65,41.93,1023.07,65.05
25.6,66.48,1006.16,69.34
17.45,42.28,1007.64,69.19
15,40.66,1016.28,89.62
30.65,71.98,1004.92,63.39
29.51,75.6,1017.92,50.61
24.27,63.9,1013.5,61.09
29.87,69.13,1001.08,72.75
23.62,49.21,1014.1,49.54
11.69,35.76,1019.02,55.6
15.28,43.71,1024.32,81.24
14.81,40.71,1018.54,73
11.97,45.51,1016.84,81.47
17.29,42.86,1014.38,72.3
32.96,73.03,1013.56,54.03
26.45,64.27,1013.23,60.92
22.95,45.61,1013.65,73.92
30.7,71.58,1010,48.96
18.32,66.86,1012.02,70
26.85,66.86,1006.78,69.4
13.46,44.71,1014.51,50
30.19,68.08,1010.95,50.34
15.11,40.71,1017.96,69.31
14.6,44.47,1028.46,69.96
18.4,43.69,1016.59,52.44
20.28,62.52,1017.89,75.67
13.01,41.58,1020.82,78.41
15.68,43.7,1015.09,58.96
23.55,61.87,1009.65,54.83
30.99,69.82,1009.41,50.84
29.49,69.71,1009.34,56.35
27.69,65.34,1014.31,46.59
24.32,66.25,1009.09,91.89
23.49,42.8,1013.96,65.31
21.76,60.27,1018.96,85.06
